{
  "method": "ep",
  "name": "real",
  "n_datasets": 5,
  "n_latent": 20,
  "nlive": 50,
  "max_steps": 5,
  "wall_time_s": 287.0914330482483,
  "test_mode": false,
  "hill_means": [
    [
      6.4362363347769,
      -3.1766936553668694,
      40794.07619694066
    ],
    [
      8.233671521395548,
      0.0,
      31303.58933469543
    ],
    [
      4.829608513655025,
      0.0,
      27370.46604870361
    ],
    [
      9.890880853795919,
      0.19332601270101377,
      46379.13528209152
    ],
    [
      14.180700755670417,
      0.6376971990992836,
      48958.06164739954
    ]
  ],
  "hill_sigmas": [
    [
      2.3717209828635157,
      1.757032009975191,
      11494.10279076695
    ],
    [
      2.6792196834810214,
      0.7071067811865476,
      10293.548379473626
    ],
    [
      1.9195997885762928,
      0.7071067811865476,
      11961.234832635402
    ],
    [
      2.5203400673540344,
      1.2423805761286357,
      12077.501892451055
    ],
    [
      3.2713899634799897,
      1.5848850876294016,
      11098.667228729531
    ]
  ],
  "coef_mean_means": [
    0.7803593473230629,
    0.2956609719878309,
    34303.015017993435
  ],
  "coef_mean_sigmas": [
    16.13558175214207,
    0.7954304071541585,
    7631.14201558594
  ],
  "coef_matrix_means": [
    [
      0.13579068027018762,
      -0.016539331390329804,
      236.3528165126271
    ],
    [
      0.05128710784738057,
      0.1285715186582662,
      2713.9125907979565
    ],
    [
      0.05594119032929305,
      0.017410035045178095,
      922.6359281029337
    ],
    [
      -0.18287160413683493,
      -0.10843624316549448,
      -508.9432333714822
    ],
    [
      0.07038666278604173,
      -0.2820897899865029,
      1534.956604650301
    ],
    [
      -0.24720818040414305,
      0.017304710686187292,
      1130.2199835818576
    ],
    [
      -9.840524671159358e-05,
      0.09975373545822486,
      372.39212963512676
    ],
    [
      0.20980973165277036,
      0.08210574719632707,
      880.8380241362028
    ],
    [
      -0.11694311069217161,
      0.031341319658588024,
      622.8014608492622
    ],
    [
      0.02240436196782766,
      -0.12775567844751692,
      -3240.8928129847327
    ],
    [
      0.1617120607936707,
      -0.3093931805608098,
      -1085.8994426418778
    ],
    [
      0.2221543242358119,
      0.06055121816272354,
      -704.407495030394
    ],
    [
      0.004999451034292158,
      -0.03631333151535477,
      206.0589824444086
    ],
    [
      -0.06392069654873167,
      -0.03799879357484847,
      958.2479476160983
    ],
    [
      0.10086705415745427,
      0.08763107890888984,
      -679.767585131894
    ],
    [
      -0.29908082475651915,
      -0.12494007183188371,
      235.3565644411771
    ],
    [
      -0.1427320685094254,
      -0.05394030325302808,
      -780.1719855374652
    ],
    [
      0.1620328793573297,
      -0.2112410821949891,
      441.8861808743207
    ],
    [
      0.03509607726709436,
      -0.17405508026367228,
      -1048.580015028299
    ],
    [
      -0.009902479852991794,
      0.07696864054158882,
      1832.3901869403937
    ]
  ],
  "coef_matrix_sigmas": [
    [
      0.3451676990139121,
      0.17367041067008013,
      1931.832726168373
    ],
    [
      0.3426082827489451,
      0.3373631037237503,
      5078.140683982259
    ],
    [
      0.35898066633093373,
      0.3438912092866132,
      4334.1424315983695
    ],
    [
      0.35548082633326317,
      0.36341062062506846,
      3630.5286530298677
    ],
    [
      0.33217596840347025,
      0.399192767030486,
      4941.815232933101
    ],
    [
      0.3666394072825665,
      0.29208391071136586,
      4558.482967301141
    ],
    [
      0.29834716146937856,
      0.31701045890060586,
      3647.0653384770526
    ],
    [
      0.37631959956527555,
      0.33787032509925624,
      3654.968430894744
    ],
    [
      0.34315189212050684,
      0.38342363010182473,
      4264.320044103736
    ],
    [
      0.3415249863271386,
      0.34656907314025576,
      5486.204269266762
    ],
    [
      0.4238343323867955,
      0.4073374186961991,
      3749.938308447053
    ],
    [
      0.39086836664043023,
      0.35704939454000834,
      4184.846468695884
    ],
    [
      0.3129067942910642,
      0.3389584595525246,
      4529.589767977758
    ],
    [
      0.372822402696481,
      0.31508251336598025,
      3610.905192826479
    ],
    [
      0.32965062051423855,
      0.37977030128482336,
      4210.16225810752
    ],
    [
      0.3865652593585715,
      0.3635511821821531,
      4217.886734633003
    ],
    [
      0.36164600653538037,
      0.35120015620827466,
      4552.533340120359
    ],
    [
      0.40272461738395454,
      0.3624214700676894,
      3541.8537570272943
    ],
    [
      0.3066786087485888,
      0.3487406471155536,
      4239.251074999355
    ],
    [
      0.35138205672060124,
      0.39370487038188545,
      4729.3112954388325
    ]
  ]
}