{
  "method": "ep",
  "name": "real_1073",
  "n_datasets": 5,
  "n_latent": 5,
  "nlive": 50,
  "max_steps": 3,
  "wall_time_s": 96.03761291503906,
  "test_mode": false,
  "hill_means": [
    [
      15.772155779158876,
      0.0,
      25909.45906008617
    ],
    [
      23.988782631216896,
      0.0,
      15896.615107992624
    ],
    [
      13.773620014209468,
      0.0,
      10062.659690350265
    ],
    [
      9.624211493762042,
      -0.5822639527818334,
      35879.445290266376
    ],
    [
      11.815828874004085,
      -8.008341540211573,
      40109.97071050471
    ]
  ],
  "hill_sigmas": [
    [
      8.450674591156234,
      1.4142135623730951,
      12102.791032599089
    ],
    [
      10.35341961003693,
      1.4142135623730951,
      12502.398628328188
    ],
    [
      8.238864297278875,
      1.4142135623730951,
      14349.351073690423
    ],
    [
      5.548658325331247,
      2.0513419719958135,
      7119.745125350569
    ],
    [
      6.025120222775936,
      4.774317624898703,
      10087.312780418442
    ]
  ],
  "coef_mean_means": [
    -0.5443009591633672,
    0.05751451889054175,
    30951.591516575376
  ],
  "coef_mean_sigmas": [
    4.138249240080916,
    0.9013157553290563,
    8703.651713893521
  ],
  "coef_matrix_means": [
    [
      0.20576002834716184,
      -0.018895374099863915,
      -58.705025774153086
    ],
    [
      0.020419519785511618,
      -0.016998415576430326,
      933.857636276725
    ],
    [
      0.10443216604708935,
      -0.07273216056098919,
      -822.891189825237
    ],
    [
      -0.1418225620929409,
      -0.09909117990137223,
      1206.5708494910164
    ],
    [
      -0.019657318462967827,
      -0.12325747304802316,
      1825.01145242388
    ]
  ],
  "coef_matrix_sigmas": [
    [
      0.4514702781701772,
      0.18204422414016985,
      1779.255742567889
    ],
    [
      0.6346263775862959,
      0.3394704030308491,
      5013.599181948423
    ],
    [
      0.8977604516309332,
      0.39235678910081134,
      3960.897184916277
    ],
    [
      0.8514699026581909,
      0.39878471866939375,
      5186.911699691166
    ],
    [
      0.835050366397735,
      0.43046486314046983,
      5158.478497516911
    ]
  ]
}