{
  "method": "ep",
  "name": "real_1003",
  "n_datasets": 5,
  "n_latent": 5,
  "nlive": 50,
  "max_steps": 3,
  "wall_time_s": 104.10403394699097,
  "test_mode": false,
  "hill_means": [
    [
      -1.9602987324420809,
      -4.379007850530945,
      31815.595695703872
    ],
    [
      -2.170077413973201,
      -3.0738275394999763,
      30313.252408731016
    ],
    [
      -0.17539353493480708,
      0.0,
      7364.955242043902
    ],
    [
      -0.3598582491711354,
      -13.53196401080725,
      9297.665425755475
    ],
    [
      2.5907111185271323,
      0.0,
      6216.017065902702
    ]
  ],
  "hill_sigmas": [
    [
      5.04344810443089,
      2.295198998607178,
      9896.148382259598
    ],
    [
      5.243523031944996,
      2.272810720778622,
      9951.33312338811
    ],
    [
      6.88518298341616,
      1.4142135623730951,
      15900.193317902926
    ],
    [
      7.436484655206723,
      4.837283672885837,
      14541.277838857666
    ],
    [
      8.561828786685457,
      1.4142135623730951,
      15633.59132301993
    ]
  ],
  "coef_mean_means": [
    1.1521013166168164,
    -0.03878977768242866,
    37227.94405999532
  ],
  "coef_mean_sigmas": [
    3.5329877357017554,
    0.8597538488523898,
    9239.515503921672
  ],
  "coef_matrix_means": [
    [
      -0.030747236176466925,
      -0.04472706436860808,
      116.0028359405377
    ],
    [
      0.2660466770611552,
      0.052971440549458265,
      -1413.381942971156
    ],
    [
      -0.04598826525455392,
      -0.16028572851939876,
      -2099.5794300319876
    ],
    [
      -0.1297560273820815,
      0.04867952577648071,
      -899.6053531278911
    ],
    [
      -0.011931565985849766,
      0.03780279146833228,
      21.984601349236367
    ]
  ],
  "coef_matrix_sigmas": [
    [
      0.4317376540430915,
      0.1947744628448235,
      2103.5448851836145
    ],
    [
      0.8163852441820459,
      0.48626328758212833,
      4899.5195660185445
    ],
    [
      0.7496168836495624,
      0.3923015858764219,
      5624.840901966582
    ],
    [
      0.7722469912532098,
      0.38380224221676745,
      5244.416847116697
    ],
    [
      0.8640338304108138,
      0.4097195453781059,
      4694.609330983592
    ]
  ]
}