{
  "method": "ep",
  "name": "sim",
  "n_datasets": 5,
  "n_latent": 5,
  "nlive": 50,
  "max_steps": 5,
  "wall_time_s": 108.93676590919495,
  "test_mode": false,
  "hill_means": [
    [
      0.48233452871231725,
      -0.04553047985557607,
      45361.92539363504
    ],
    [
      0.8757572350968024,
      1.2621636947946306,
      36979.26335569611
    ],
    [
      1.0936546604877528,
      0.1868466769597723,
      23832.423839261075
    ],
    [
      2.094764878570902,
      1.0517907627851848,
      39172.607698801956
    ],
    [
      0.8477691753107307,
      -0.02340378253768769,
      58007.55538868787
    ]
  ],
  "hill_sigmas": [
    [
      0.743957909670696,
      0.6187083207869043,
      14127.828544645774
    ],
    [
      0.78256347546481,
      1.0358516932172617,
      11411.462731142083
    ],
    [
      1.0212723186590733,
      1.1211679972361752,
      15120.940965869064
    ],
    [
      0.9860735003247744,
      1.154750635427573,
      9600.805484411347
    ],
    [
      0.6707616277534107,
      0.5602102993129422,
      16633.762446264944
    ]
  ],
  "coef_mean_means": [
    0.9500056110434248,
    0.2503998392365806,
    37834.97705366787
  ],
  "coef_mean_sigmas": [
    0.810097728622708,
    0.5018229015288842,
    6279.136972767935
  ],
  "coef_matrix_means": [
    [
      0.20312510063832187,
      0.06983889882205895,
      -167.73958117655948
    ],
    [
      0.057562110104912474,
      -0.10099955924679316,
      -1148.579575179454
    ],
    [
      0.14745462615740265,
      0.23037486914101943,
      -1969.2937627249664
    ],
    [
      0.09827465070458549,
      0.0817032967665538,
      -711.1499042879078
    ],
    [
      0.048661618718984855,
      0.03226541169794956,
      -306.01745895480377
    ]
  ],
  "coef_matrix_sigmas": [
    [
      0.36670225073594254,
      0.39788162703723146,
      4164.645205686764
    ],
    [
      0.4246278543443143,
      0.46404742573407404,
      4819.284533503151
    ],
    [
      0.37591944125442955,
      0.38536465093891115,
      4830.32611468654
    ],
    [
      0.3924553836197945,
      0.4067942514343127,
      4994.451386176209
    ],
    [
      0.41508375193078884,
      0.42967867210452904,
      5594.890843915204
    ]
  ],
  "coef_mean_true": [
    1.0,
    0.0,
    35000.0
  ],
  "coef_matrix_true": [
    [
      0.15878738549467183,
      -0.08988251159412901,
      2910.8292381392043
    ],
    [
      0.4901261600585631,
      -0.1686217528829997,
      -5050.857674771542
    ],
    [
      0.06661734680536169,
      -0.02733183930630788,
      -65.16786270892757
    ],
    [
      -0.4445192736838873,
      0.07600356409022202,
      3016.8777390013747
    ],
    [
      0.03440844811385215,
      0.09742386469823049,
      1813.3622414553997
    ]
  ],
  "hill_params_true": [
    [
      0.5882054244771722,
      0.10316536490697312,
      33258.37037373074
    ],
    [
      0.7723005035768435,
      0.04454698030078153,
      36578.59498222939
    ],
    [
      1.0606854866219364,
      0.005244878151825816,
      33288.96458945558
    ],
    [
      1.4896802983967354,
      -0.11180424868259621,
      41982.0376208493
    ],
    [
      1.4563326127398635,
      -0.058578070506411,
      37608.93052182339
    ]
  ]
}