{
  "method": "ep",
  "name": "sim",
  "n_datasets": 5,
  "n_latent": 5,
  "nlive": 50,
  "max_steps": 3,
  "wall_time_s": 89.11777687072754,
  "test_mode": false,
  "hill_means": [
    [
      -1.0517333984739135,
      -0.39100840677009996,
      46137.64077673266
    ],
    [
      -0.276024898988745,
      0.35925065901427117,
      40049.42925728015
    ],
    [
      0.43590414265564076,
      1.6652145190884675,
      27682.44687156627
    ],
    [
      1.2326016536827251,
      0.7053469031305185,
      40891.82871328065
    ],
    [
      -1.0841997383069462,
      -0.21595967104426772,
      53952.87534617973
    ]
  ],
  "hill_sigmas": [
    [
      1.3697294386608718,
      0.6857619026527999,
      11993.342033245279
    ],
    [
      1.29049742221195,
      0.6206027410400612,
      8488.695094666216
    ],
    [
      1.3354356682636452,
      1.224227756906984,
      7884.780336815197
    ],
    [
      1.3258309520034393,
      0.8903900199435235,
      7133.981463364051
    ],
    [
      1.4500827048790281,
      0.5998758885844119,
      12900.411302262279
    ]
  ],
  "coef_mean_means": [
    -0.019950205508363412,
    0.12279961543636703,
    36664.048257901006
  ],
  "coef_mean_sigmas": [
    0.9569280679192254,
    0.48232104408455084,
    5113.013794832394
  ],
  "coef_matrix_means": [
    [
      0.1478734482853126,
      0.05436019833016642,
      10.84966612946599
    ],
    [
      -0.06939074867569953,
      0.010532494365202259,
      -2151.8977831529623
    ],
    [
      0.11251073370014977,
      0.18912474490201137,
      -2706.066008610352
    ],
    [
      -0.06960064038159813,
      0.07048944427507813,
      -2265.835761308308
    ],
    [
      0.0396845390520319,
      0.04291825989995002,
      127.40730318146012
    ]
  ],
  "coef_matrix_sigmas": [
    [
      0.3792736269973971,
      0.3503770834899236,
      4158.595432586008
    ],
    [
      0.4432131154370239,
      0.4276010959390499,
      4645.930400356644
    ],
    [
      0.4471676291799307,
      0.3421312419192052,
      4232.977308877427
    ],
    [
      0.3983093067353834,
      0.41124258776194067,
      5095.4398823669235
    ],
    [
      0.4964232003734609,
      0.36832008421619084,
      4982.804475934957
    ]
  ],
  "coef_mean_true": [
    0.0,
    0.0,
    35000.0
  ],
  "coef_matrix_true": [
    [
      0.15878738549467183,
      -0.08988251159412901,
      2910.8292381392043
    ],
    [
      0.4901261600585631,
      -0.1686217528829997,
      -5050.857674771542
    ],
    [
      0.06661734680536169,
      -0.02733183930630788,
      -65.16786270892757
    ],
    [
      -0.4445192736838873,
      0.07600356409022202,
      3016.8777390013747
    ],
    [
      0.03440844811385215,
      0.09742386469823049,
      1813.3622414553997
    ]
  ],
  "hill_params_true": [
    [
      -0.4117945755228279,
      0.10316536490697312,
      33258.37037373074
    ],
    [
      -0.22769949642315646,
      0.04454698030078153,
      36578.59498222939
    ],
    [
      0.060685486621936444,
      0.005244878151825816,
      33288.96458945558
    ],
    [
      0.4896802983967354,
      -0.11180424868259621,
      41982.0376208493
    ],
    [
      0.45633261273986336,
      -0.058578070506411,
      37608.93052182339
    ]
  ]
}