{
  "method": "graphical",
  "name": "real_1003",
  "n_datasets": 5,
  "n_latent": 5,
  "nlive": 50,
  "max_steps": 0,
  "wall_time_s": 23.01352858543396,
  "test_mode": false,
  "hill_means": [
    [
      -2.1001342131172835,
      0.4439918839373146,
      32748.40394843987
    ],
    [
      -1.6994420515446298,
      0.1720855212031505,
      35766.090956798485
    ],
    [
      -1.537893748010412,
      0.312761183139934,
      30964.358208525
    ],
    [
      -0.7495976316528173,
      0.13952217176036283,
      25044.76627576346
    ],
    [
      -0.9328066137277797,
      0.5213789035929859,
      24480.370721650062
    ]
  ],
  "hill_sigmas": [
    [
      0.44802300087331115,
      0.3090345230431505,
      1875.7280806186773
    ],
    [
      0.4722266120264915,
      0.30137233772649685,
      1210.340469283914
    ],
    [
      0.5625789542596452,
      0.12561898883770406,
      2319.638959497621
    ],
    [
      0.5863747603068301,
      0.2201580074928185,
      2748.551817064066
    ],
    [
      0.6197322116130276,
      0.13318394970475292,
      1928.2183430300229
    ]
  ],
  "coef_mean_means": [
    0.6724447550161936,
    1.5401847954158363,
    34706.61901865915
  ],
  "coef_mean_sigmas": [
    0.6114636246561334,
    0.3064483517221789,
    2101.036370307087
  ],
  "coef_matrix_means": [
    [
      0.07563519408652158,
      0.07846131566385804,
      166.27155530634982
    ],
    [
      -0.25042945838967157,
      -0.06100382682664028,
      2835.003749719902
    ],
    [
      0.6251450352247231,
      0.9347980648669316,
      1137.5575835587438
    ],
    [
      0.678582504502298,
      -0.09536160550770462,
      581.7984978998837
    ],
    [
      1.1742752278145376,
      -0.06646097076356583,
      26.6485599102371
    ]
  ],
  "coef_matrix_sigmas": [
    [
      0.025675624961387162,
      0.008259428620401701,
      230.5279318227682
    ],
    [
      0.19132827568829472,
      0.09878856430602025,
      615.80745965443
    ],
    [
      0.14805713619978023,
      0.095519479582726,
      1922.1579620644502
    ],
    [
      0.24928373926896644,
      0.13926031186516202,
      720.1327568335912
    ],
    [
      0.249304871569703,
      0.08536253231955929,
      1553.3510544530786
    ]
  ]
}