{
  "method": "graphical",
  "name": "real_1073",
  "n_datasets": 5,
  "n_latent": 5,
  "nlive": 50,
  "max_steps": 0,
  "wall_time_s": 21.083499908447266,
  "test_mode": false,
  "hill_means": [
    [
      -0.2587192907703662,
      -0.23250295417786704,
      34396.985901776985
    ],
    [
      -0.6246993372723241,
      -1.0328710283185045,
      43217.210250795055
    ],
    [
      -0.9251543064423584,
      -1.2790282669208843,
      42627.92738435262
    ],
    [
      3.559577686116958,
      0.4336972960791151,
      40839.75128067722
    ],
    [
      3.8496625054230433,
      0.13369070499354563,
      31377.66754157644
    ]
  ],
  "hill_sigmas": [
    [
      0.40626659925474,
      0.14139819489180155,
      1362.525683496504
    ],
    [
      0.3969322235490133,
      0.22142635663555776,
      1758.4781936140498
    ],
    [
      0.472732486034672,
      0.2048499715219425,
      1716.9431287503176
    ],
    [
      0.5639480750512895,
      0.16351829111678048,
      880.5138044613486
    ],
    [
      0.4110971841887541,
      0.07360895874441073,
      1702.889645334053
    ]
  ],
  "coef_mean_means": [
    -2.461525970565748,
    -0.10812976632414606,
    31382.020631732612
  ],
  "coef_mean_sigmas": [
    0.6271831452601061,
    0.11876210291941343,
    767.8577865436346
  ],
  "coef_matrix_means": [
    [
      0.15323652137108318,
      -0.055714214375807404,
      568.0841338879765
    ],
    [
      1.144213670082213,
      -0.09057497234919351,
      -3723.377164828791
    ],
    [
      0.6367202137041635,
      -0.45675151057271995,
      4595.073063728586
    ],
    [
      0.11406854498078545,
      -0.16948820432124134,
      -5449.708953845881
    ],
    [
      0.8300811379322509,
      0.13584068710700406,
      -619.855514627666
    ]
  ],
  "coef_matrix_sigmas": [
    [
      0.029598128782853575,
      0.009844527360230768,
      149.67691700812628
    ],
    [
      0.15796700193517743,
      0.07124144414972412,
      1409.484013397202
    ],
    [
      0.15252301806254032,
      0.08149880711829388,
      1348.2793496951742
    ],
    [
      0.10933374808266755,
      0.04105310727077173,
      1246.2776165011105
    ],
    [
      0.22224854522740195,
      0.051736271994853894,
      771.1232975996104
    ]
  ]
}