{
  "method": "graphical",
  "name": "sim",
  "n_datasets": 5,
  "n_latent": 5,
  "nlive": 50,
  "max_steps": 0,
  "wall_time_s": 13.971350908279419,
  "test_mode": false,
  "hill_means": [
    [
      -0.2530523748364776,
      0.06499373891198944,
      32460.465305394293
    ],
    [
      -0.0824949551236706,
      0.13573654358396134,
      37559.06246470878
    ],
    [
      0.0727146741721796,
      -0.18549344360349407,
      34941.219404907984
    ],
    [
      0.6454886512133264,
      0.1788756404396616,
      40813.2591351998
    ],
    [
      -0.24372551732985923,
      -0.006115856930190996,
      37234.551328224225
    ]
  ],
  "hill_sigmas": [
    [
      0.3027629411689652,
      0.156976300032038,
      1674.9740318602908
    ],
    [
      0.3258554247657788,
      0.19140538330707027,
      2271.243151178576
    ],
    [
      0.49509512883330437,
      0.21957373824736912,
      2694.707408935463
    ],
    [
      0.19470297807932027,
      0.18268286071536063,
      2662.5501131685887
    ],
    [
      0.2853081487575538,
      0.18194546128364228,
      2406.4184715655465
    ]
  ],
  "coef_mean_means": [
    -0.07401913846066835,
    0.16629162193549007,
    33985.09809073116
  ],
  "coef_mean_sigmas": [
    0.26529564908188774,
    0.13306499088246151,
    2079.1651773401754
  ],
  "coef_matrix_means": [
    [
      0.08191241839500937,
      0.10921367089086785,
      1002.1211961890571
    ],
    [
      0.18732358597428192,
      -0.1512774352662913,
      1154.7242164798454
    ],
    [
      0.05214710002044773,
      -0.05244601314954066,
      1059.098623031581
    ],
    [
      -0.17689012777307406,
      0.15905871838945973,
      -984.707658223209
    ],
    [
      0.1486066723795926,
      -0.06544188325971341,
      3518.123961118745
    ]
  ],
  "coef_matrix_sigmas": [
    [
      0.1569925007010959,
      0.1690758580232706,
      1887.8652984467935
    ],
    [
      0.18200438862000468,
      0.1010142320660039,
      980.2398406864855
    ],
    [
      0.23862052786094395,
      0.12130960182694563,
      1845.5245541379684
    ],
    [
      0.2546501559818555,
      0.1378640129115052,
      3063.8137995618745
    ],
    [
      0.14472485795833417,
      0.1646440708331092,
      2151.7365669583032
    ]
  ],
  "coef_mean_true": [
    0.0,
    0.0,
    35000.0
  ],
  "coef_matrix_true": [
    [
      0.15878738549467183,
      -0.08988251159412901,
      2910.8292381392043
    ],
    [
      0.4901261600585631,
      -0.1686217528829997,
      -5050.857674771542
    ],
    [
      0.06661734680536169,
      -0.02733183930630788,
      -65.16786270892757
    ],
    [
      -0.4445192736838873,
      0.07600356409022202,
      3016.8777390013747
    ],
    [
      0.03440844811385215,
      0.09742386469823049,
      1813.3622414553997
    ]
  ],
  "hill_params_true": [
    [
      -0.4117945755228279,
      0.10316536490697312,
      33258.37037373074
    ],
    [
      -0.22769949642315646,
      0.04454698030078153,
      36578.59498222939
    ],
    [
      0.060685486621936444,
      0.005244878151825816,
      33288.96458945558
    ],
    [
      0.4896802983967354,
      -0.11180424868259621,
      41982.0376208493
    ],
    [
      0.45633261273986336,
      -0.058578070506411,
      37608.93052182339
    ]
  ]
}