{
    "log_ic50": -0.4117945755228279,
    "n_log": 0.10316536490697312,
    "n_hill_coef": 1.10867472981174,
    "base": 33258.37037373074,
    "log_likelihood_true": -1.0825368840217244,
    "noise_sigma": 9099.0
}