{
    "log_ic50": 0.5882054244771722,
    "n_log": 0.10316536490697312,
    "n_hill_coef": 1.10867472981174,
    "base": 33258.37037373074,
    "log_likelihood_true": -1.0825368840217238,
    "noise_sigma": 9099.0
}