{
    "log_ic50": 1.0606854866219364,
    "n_log": 0.005244878151825816,
    "n_hill_coef": 1.005258656603474,
    "base": 33288.96458945558,
    "log_likelihood_true": -3.7296226412095086,
    "noise_sigma": 9099.0
}