{
    "log_ic50": 0.060685486621936444,
    "n_log": 0.005244878151825816,
    "n_hill_coef": 1.005258656603474,
    "base": 33288.96458945558,
    "log_likelihood_true": -3.729622641209509,
    "noise_sigma": 9099.0
}