{
    "log_ic50": 0.4896802983967354,
    "n_log": -0.11180424868259621,
    "n_hill_coef": 0.8942192849719505,
    "base": 41982.0376208493,
    "log_likelihood_true": -0.9764573024459896,
    "noise_sigma": 9099.0
}