{
    "log_ic50": 0.45633261273986336,
    "n_log": -0.058578070506411,
    "n_hill_coef": 0.9431046088710655,
    "base": 37608.93052182339,
    "log_likelihood_true": -2.3986409322347595,
    "noise_sigma": 9099.0
}