{
    "log_ic50": -0.22769949642315646,
    "n_log": 0.04454698030078153,
    "n_hill_coef": 1.0455540960025405,
    "base": 36578.59498222939,
    "log_likelihood_true": -1.6115465734378185,
    "noise_sigma": 9099.0
}