{
    "n_datasets": 5,
    "n_latent": 5,
    "n_doses": 7,
    "noise_sigma": 9099.0,
    "coef_mean_true": [
        1.0,
        0.0,
        35000.0
    ],
    "coef_matrix_true": [
        [
            0.15878738549467183,
            -0.08988251159412901,
            2910.8292381392043
        ],
        [
            0.4901261600585631,
            -0.1686217528829997,
            -5050.857674771542
        ],
        [
            0.06661734680536169,
            -0.02733183930630788,
            -65.16786270892757
        ],
        [
            -0.4445192736838873,
            0.07600356409022202,
            3016.8777390013747
        ],
        [
            0.03440844811385215,
            0.09742386469823049,
            1813.3622414553997
        ]
    ],
    "hill_params_true": [
        [
            0.5882054244771722,
            0.10316536490697312,
            33258.37037373074
        ],
        [
            0.7723005035768435,
            0.04454698030078153,
            36578.59498222939
        ],
        [
            1.0606854866219364,
            0.005244878151825816,
            33288.96458945558
        ],
        [
            1.4896802983967354,
            -0.11180424868259621,
            41982.0376208493
        ],
        [
            1.4563326127398635,
            -0.058578070506411,
            37608.93052182339
        ]
    ]
}